"index","out","raw","w","h"
"1","is-01.webp","17849438322515607.jpg","828","987"
"2","is-02.webp","17861249649399007.jpg","1200","1200"
"3","is-03.webp","17861845170668641.jpg","675","1200"
"4","is-04.webp","17880843795592740.jpg","675","1200"
"5","is-05.webp","17897974551332910.jpg","1200","1200"
"6","is-06.webp","17932146369109678.jpg","900","1200"
"7","is-07.webp","17933006439118597.jpg","904","1200"
"8","is-08.webp","17933133831115143.jpg","900","1200"
"9","is-09.webp","17934160658949270.webp","1080","1080"
"10","is-10.webp","17940387225046632.jpg","900","1200"
"11","is-11.webp","17961684390084542.jpg","900","1200"
"12","is-12.webp","17962364040084314.jpg","675","1200"
"13","is-13.webp","17979097676979042.jpg","904","1200"
"14","is-14.webp","17991180926971406.jpg","891","1200"
"15","is-15.webp","17992916531937107.jpg","675","1200"
"16","is-16.webp","18039933350549854.jpg","900","1200"
"17","is-17.webp","18049842548460850.jpg","1024","1024"
"18","is-18.webp","18057651332412166.jpg","900","1200"
"19","is-19.webp","18064140311392177.jpg","675","1200"
"20","is-20.webp","18066056978291315.jpg","1179","976"
"21","is-21.webp","18066836513643396.jpg","1200","900"
"22","is-22.webp","18067603205417300.jpg","900","1200"
"23","is-23.webp","18077602459919318.jpg","904","1200"
"24","is-24.webp","18080302073041752.heic","900","1200"
"25","is-25.webp","18085352942479194.heic","900","1200"
"26","is-26.webp","18088861046431738.jpg","900","1200"
"27","is-27.webp","18091142861484802.jpg","1200","631"
"28","is-28.webp","18102802622024374.jpg","900","1200"
"29","is-29.webp","18104751292660369.jpg","905","1200"
"30","is-30.webp","18107245123925027.jpg","900","1200"
"31","is-31.webp","18119255263754032.jpg","1200","900"
"32","is-32.webp","18124575223471404.jpg","960","1200"
"33","is-33.webp","18131413960717902.jpg","675","1200"
"34","is-34.webp","18161877133425252.jpg","675","1200"
"35","is-35.webp","18201109789355718.jpg","675","1200"
"36","is-36.webp","18229433794312102.jpg","675","1200"
"37","is-37.webp","18317149369256712.jpg","1200","1200"
"38","is-38.webp","18337803055231447.jpg","864","1146"
"39","is-39.webp","18422815309096915.jpg","960","1200"
"40","is-40.webp","18543416965042771.heic","900","1200"
"41","is-41.webp","18553753162014237.jpg","1200","1200"
